{"cameraMode":{"drawMode":0,"name":"Shaded","section":"Shading Mode"},"sceneLighting":true,"audioPlay":false,"sceneViewState":{"showFog":false,"showMaterialUpdate":false,"showSkybox":false,"showFlares":false,"showImageEffects":false,"showParticleSystems":false},"in2DMode":false,"pivot":{"x":-15.637519836425782,"y":-2.4901652336120607,"z":24.65891456604004},"rotation":{"x":-0.15155364573001862,"y":0.42000719904899599,"z":-0.07136650383472443,"w":-0.8919261693954468},"size":52.736045837402347,"orthographic":false}